{"cameraMode":{"drawMode":0,"name":"Shaded","section":"Shading Mode"},"sceneLighting":false,"audioPlay":false,"sceneViewState":{"showFog":true,"showMaterialUpdate":false,"showSkybox":false,"showFlares":true,"showImageEffects":true,"showParticleSystems":true},"in2DMode":false,"pivot":{"x":-29.603229522705079,"y":6.124544620513916,"z":54.53335189819336},"rotation":{"x":0.000352151517290622,"y":0.9992057085037231,"z":0.03898964449763298,"w":-0.008993545547127724},"size":27.651344299316408,"orthographic":true}