{"cameraMode":{"drawMode":0,"name":"Shaded","section":"Shading Mode"},"sceneLighting":false,"audioPlay":false,"sceneViewState":{"showFog":true,"showMaterialUpdate":false,"showSkybox":true,"showFlares":true,"showImageEffects":true,"showParticleSystems":true},"in2DMode":false,"pivot":{"x":-41.78997039794922,"y":4.451789855957031,"z":54.02677917480469},"rotation":{"x":0.02639145962893963,"y":0.9357775449752808,"z":-0.3442379832267761,"w":0.07172393798828125},"size":236.74801635742188,"orthographic":false}